generation,genome,fitness,hits,scored
1,1,1.5791030693054189,0,0
1,2,0.6845904541015624,0,0
1,3,2.987077283859272,1,0
1,4,0.8311357593536376,0,0
1,5,1.5829568672180165,0,0
1,6,0.8242783641815185,0,0
