generation,genome,fitness,hits,scored
1,1,1.589685754776,0,0
1,2,0.4121600151062008,0,0
1,3,0.6638680458068846,0,0
1,4,4.067483158111608,1,0
1,5,1.5838824081420888,0,0
1,6,0.8314104175567626,0,0
1,7,0.8295509910583495,0,0
1,8,8.48466700553894,1,1
1,9,1.5823350715637197,0,0
1,10,0.8297731971740722,0,0
