generation,genome,fitness,hits,scored
1,1,1.5969925498962392,0,0
1,2,1.2452532958984361,0,0
1,3,0.4150119781494137,0,0
1,4,0.41934905052185023,0,0
1,5,0.6384723758697508,0,0
1,6,1.5909784603118886,0,0
1,7,1.6363092803955068,0,0
1,8,6.165496988296507,0,1
1,9,0.8264939880371093,0,0
1,10,1.6048920726776112,0,0
1,11,1.5968335437774648,0,0
1,12,0.8303847408294677,0,0
1,13,1.6067326641082753,0,0
