generation,genome,fitness,hits,scored
1,1,1.190619153976439,0,0
1,2,1.7608964157104483,0,0
1,3,1.6003375816345204,0,0
1,4,4.083709487915058,2,0
1,5,1.3173149013519274,0,0
