generation,genome,fitness,hits,scored
1,1,0.8502409553527831,0,0
1,2,1.5935705471038808,0,0
1,3,4.085985870361364,1,0
1,4,1.1661411952972398,0,0
