generation,genome,fitness,hits,scored
1,1,3.7713930416107644,1,0
1,2,2.1116352844238273,0,0
1,3,1.1784795951843248,0,0
